Number of queries,Time (s)
"10,209",2.08430671691895
"45,847",4.77567386627197
"113,212",13.2346861362457
"124,977",10.5651550292969
"213,075",20.4147243499756
"260,961",22.2373962402344
"267,468",24.6673250198364
"307,019",26.8110282421112
"360,064",31.1471543312073
"400,921",34.5561029911041
"549,381",39.9665279388428
"625,871",51.0559148788452
"696,217",65.5493295192719
"756,211",66.7844440937042
"780,286",50.8520150184631
"861,102",74.0695264339447
"986,920",90.2073919773102
